dataset,model,term,covariance,n,coef,se,p,ci_low,ci_high
original,margin,gap,HC3,308,-1.2561409085303754,3.6717752478504297,0.7322701865277359,-8.452688153642848,5.940406336582098
original,margin,gap,dyadic,308,-1.2561409085303754,3.6060792326685056,0.727585009301692,-8.32392632995848,5.811644512897729
original,residual,gap,HC3,308,-0.07644200928824699,3.496929097474416,0.9825598288751809,-6.930297096828258,6.777413078251764
original,residual,gap,dyadic,308,-0.07644200928824699,3.220501332782599,0.9810631432669513,-6.388508633705384,6.2356246151288905
original,win,gap,sandwich,307,-0.21293959757524664,0.5907405974444537,0.7185015925355945,-1.3707698927720502,0.944890697621557
original,win,gap,dyadic,307,-0.21293959757524664,0.4980308900987759,0.6689692851257993,-1.1890622053572732,0.7631830102067799
original,spread,gap,HC3,346,-0.13390363746481437,2.147142071755323,0.950273233972621,-4.3422247677959644,4.074417492866336
original,spread,gap,dyadic,346,-0.13390363746481437,2.1075849936949487,0.949341160224254,-4.264694319463991,3.996887044534362
original,signed_total,gap,HC3,346,4.257637416366593,3.837340123567788,0.2672023482620913,-3.2634110222567525,11.778685854989938
original,signed_total,gap,dyadic,346,4.257637416366593,3.1906693747869768,0.18207195796833564,-1.9959596447908137,10.511234477523999
original,absolute_total,gap,HC3,346,2.8183133380780387,2.2991425147237923,0.22026994543363487,-1.687923186105445,7.324549862261522
original,absolute_total,gap,dyadic,346,2.8183133380780387,2.6731108416279525,0.2917365865047786,-2.4208876381963003,8.057514314352378
QC-v3,margin,gap,HC3,308,-1.2951447733063663,3.693693291048744,0.7258608493891543,-8.534650593699128,5.944361047086396
QC-v3,margin,gap,dyadic,308,-1.2951447733063663,3.629074253340346,0.7211814872705756,-8.407999607075032,5.8177100604623
QC-v3,residual,gap,HC3,308,-0.08899593420100724,3.5147041511380723,0.979798898670581,-6.977689486745051,6.799697618343037
QC-v3,residual,gap,dyadic,308,-0.08899593420100724,3.243335268756086,0.9781090864131334,-6.445816250751472,6.267824382349458
QC-v3,win,gap,sandwich,308,-0.2262330033001384,0.5945727010760659,0.7035766800011496,-1.3915740835999268,0.9391080769996502
QC-v3,win,gap,dyadic,308,-0.2262330033001384,0.5067456458031095,0.6552773390849881,-1.2194362183967238,0.7669702117964471
QC-v3,spread,gap,HC3,346,-0.0737287944363404,2.1560011563995336,0.972720050330189,-4.299413411606134,4.151955822733453
QC-v3,spread,gap,dyadic,346,-0.0737287944363404,2.1128935092744228,0.9721637033193704,-4.214923975782656,4.067466386909975
QC-v3,signed_total,gap,HC3,346,4.107434887999188,3.8443177682523366,0.28532067303759456,-3.42728948290279,11.642159258901167
QC-v3,signed_total,gap,dyadic,346,4.107434887999188,3.2108910617333164,0.20081972379660396,-2.1857959512796867,10.400665727278064
QC-v3,absolute_total,gap,HC3,346,2.742897580062582,2.3082239739208243,0.23470926053990016,-1.7811382770741542,7.266933437199318
QC-v3,absolute_total,gap,dyadic,346,2.742897580062582,2.685759388361664,0.3071244036484272,-2.521094092266604,8.006889252391769
