dataset,model,seed,draws,q025,median,q975,fraction_p_lt_05
original-new-seed,win_rate,20260930,500,0.5797101449275363,0.6173913043478261,0.6521739130434783,
original-new-seed,margin,20260930,500,-3.3048301982181107,0.6006098914708324,4.546706079678792,0.006
original-new-seed,win,20260930,500,-0.7167754281670207,0.022762695425579144,0.8696385775368204,0.006
original-new-seed,spread,20260930,500,-1.6642234411860266,0.007981271910883766,1.8198529879772791,0.0
original-new-seed,signed_total,20260930,500,0.9517306622820683,3.483969092073598,6.113145423498391,0.006
original-new-seed,absolute_total,20260930,500,0.5144501944036611,2.407044229889464,4.158377546720353,0.026
QC-v3-new-seed,win_rate,20260930,500,0.5809248554913294,0.615606936416185,0.6502890173410405,
QC-v3-new-seed,margin,20260930,500,-3.3041245181402026,0.598773326394118,4.552008550030548,0.006
QC-v3-new-seed,win,20260930,500,-0.7176256700207744,0.015642371748118035,0.882856208225835,0.006
QC-v3-new-seed,spread,20260930,500,-1.650884148457497,0.02091679662414618,1.840149928144036,0.0
QC-v3-new-seed,signed_total,20260930,500,0.9226116937476712,3.487013104267148,6.100556402462335,0.006
QC-v3-new-seed,absolute_total,20260930,500,0.5019774148873631,2.4009827217782425,4.150824972660703,0.026
